episode,winning_rate
20,0.450000
40,0.450000
60,0.550000
80,0.350000
100,0.550000
120,0.550000
140,0.600000
160,0.250000
180,0.550000
200,0.600000
220,0.450000
240,0.450000
260,0.750000
280,0.500000
300,0.400000
320,0.400000
340,0.450000
360,0.350000
380,0.500000
400,0.550000
420,0.500000
440,0.550000
460,0.500000
480,0.350000
500,0.550000
520,0.450000
540,0.600000
560,0.550000
580,0.450000
600,0.450000
620,0.450000
640,0.700000
660,0.500000
680,0.500000
700,0.650000
720,0.700000
740,0.500000
760,0.400000
780,0.350000
800,0.650000
820,0.350000
840,0.600000
860,0.600000
880,0.550000
900,0.350000
920,0.350000
940,0.400000
960,0.700000
980,0.500000
1000,0.300000
1020,0.600000
1040,0.400000
1060,0.150000
1080,0.350000
1100,0.700000
1120,0.450000
1140,0.550000
1160,0.700000
1180,0.550000
1200,0.250000
1220,0.500000
1240,0.500000
1260,0.500000
1280,0.450000
1300,0.500000
1320,0.700000
1340,0.350000
1360,0.500000
1380,0.350000
1400,0.650000
1420,0.350000
1440,0.400000
1460,0.400000
1480,0.550000
1500,0.350000
1520,0.550000
1540,0.400000
1560,0.450000
1580,0.550000
1600,0.650000
1620,0.550000
1640,0.450000
1660,0.550000
1680,0.600000
1700,0.600000
1720,0.450000
1740,0.500000
1760,0.500000
1780,0.600000
1800,0.350000
1820,0.300000
1840,0.650000
1860,0.600000
1880,0.550000
1900,0.550000
1920,0.500000
1940,0.650000
1960,0.300000
1980,0.550000
2000,0.600000
2020,0.400000
2040,0.650000
2060,0.400000
2080,0.450000
2100,0.450000
2120,0.550000
2140,0.450000
2160,0.450000
2180,0.400000
2200,0.600000
2220,0.700000
2240,0.400000
2260,0.700000
2280,0.400000
2300,0.500000
2320,0.650000
2340,0.700000
2360,0.400000
2380,0.700000
2400,0.350000
2420,0.650000
2440,0.550000
2460,0.450000
2480,0.600000
2500,0.650000
2520,0.400000
2540,0.500000
2560,0.400000
2580,0.500000
2600,0.400000
2620,0.550000
2640,0.550000
2660,0.600000
2680,0.250000
2700,0.500000
2720,0.550000
2740,0.500000
2760,0.450000
2780,0.600000
2800,0.500000
2820,0.600000
2840,0.550000
2860,0.600000
2880,0.450000
2900,0.400000
2920,0.400000
2940,0.400000
2960,0.650000
2980,0.500000
3000,0.450000
3020,0.450000
3040,0.550000
3060,0.450000
3080,0.500000
3100,0.550000
3120,0.300000
3140,0.600000
3160,0.450000
3180,0.450000
3200,0.550000
3220,0.500000
3240,0.600000
3260,0.550000
3280,0.550000
3300,0.500000
3320,0.550000
3340,0.550000
3360,0.500000
3380,0.550000
3400,0.700000
3420,0.600000
3440,0.300000
3460,0.600000
3480,0.500000
3500,0.500000
3520,0.250000
3540,0.400000
3560,0.650000
3580,0.550000
3600,0.500000
3620,0.400000
3640,0.400000
3660,0.500000
3680,0.800000
3700,0.500000
3720,0.600000
3740,0.600000
3760,0.650000
3780,0.350000
3800,0.650000
3820,0.500000
3840,0.400000
3860,0.500000
3880,0.500000
3900,0.450000
3920,0.600000
3940,0.700000
3960,0.400000
3980,0.650000
4000,0.350000
4020,0.550000
4040,0.450000
4060,0.350000
4080,0.300000
4100,0.450000
4120,0.300000
4140,0.600000
4160,0.500000
4180,0.350000
4200,0.350000
4220,0.550000
4240,0.300000
4260,0.450000
4280,0.500000
4300,0.700000
4320,0.450000
4340,0.650000
4360,0.650000
4380,0.450000
4400,0.600000
4420,0.500000
4440,0.600000
4460,0.400000
4480,0.500000
4500,0.550000
4520,0.450000
4540,0.650000
4560,0.650000
4580,0.300000
4600,0.600000
4620,0.550000
4640,0.500000
4660,0.500000
4680,0.450000
4700,0.400000
4720,0.500000
4740,0.300000
4760,0.350000
4780,0.400000
4800,0.650000
4820,0.650000
4840,0.350000
4860,0.450000
4880,0.600000
4900,0.500000
4920,0.450000
4940,0.550000
4960,0.150000
4980,0.450000
5000,0.400000
5020,0.450000
5040,0.500000
5060,0.650000
5080,0.450000
5100,0.450000
5120,0.550000
5140,0.650000
5160,0.750000
5180,0.500000
5200,0.450000
5220,0.500000
5240,0.600000
5260,0.300000
5280,0.500000
5300,0.400000
5320,0.600000
5340,0.600000
5360,0.450000
5380,0.550000
5400,0.600000
5420,0.450000
5440,0.650000
5460,0.550000
5480,0.400000
5500,0.500000
5520,0.500000
5540,0.350000
5560,0.550000
5580,0.650000
5600,0.500000
5620,0.450000
5640,0.350000
5660,0.450000
5680,0.550000
5700,0.450000
5720,0.700000
5740,0.450000
5760,0.400000
5780,0.450000
5800,0.300000
5820,0.500000
5840,0.750000
5860,0.500000
5880,0.650000
5900,0.550000
5920,0.500000
5940,0.500000
5960,0.350000
5980,0.550000
6000,0.600000
6020,0.400000
6040,0.500000
6060,0.550000
6080,0.650000
6100,0.500000
6120,0.750000
6140,0.550000
6160,0.500000
6180,0.350000
6200,0.400000
6220,0.450000
6240,0.500000
6260,0.600000
6280,0.550000
6300,0.500000
6320,0.500000
6340,0.550000
6360,0.400000
6380,0.550000
6400,0.650000
6420,0.350000
6440,0.400000
6460,0.300000
6480,0.500000
6500,0.500000
6520,0.700000
6540,0.650000
6560,0.500000
6580,0.400000
6600,0.600000
6620,0.400000
6640,0.700000
6660,0.650000
6680,0.600000
6700,0.500000
6720,0.650000
6740,0.500000
6760,0.300000
6780,0.650000
6800,0.250000
6820,0.500000
6840,0.400000
6860,0.450000
6880,0.450000
6900,0.450000
6920,0.550000
6940,0.700000
6960,0.600000
6980,0.500000
7000,0.250000
7020,0.600000
7040,0.400000
7060,0.650000
7080,0.200000
7100,0.600000
7120,0.300000
7140,0.550000
7160,0.450000
7180,0.600000
7200,0.500000
7220,0.250000
7240,0.650000
7260,0.600000
7280,0.550000
7300,0.500000
7320,0.600000
7340,0.600000
7360,0.450000
7380,0.450000
7400,0.400000
7420,0.450000
7440,0.500000
7460,0.450000
7480,0.350000
7500,0.400000
7520,0.450000
7540,0.600000
7560,0.450000
7580,0.450000
7600,0.700000
7620,0.500000
7640,0.450000
7660,0.600000
7680,0.450000
7700,0.350000
7720,0.500000
7740,0.550000
7760,0.650000
7780,0.500000
7800,0.300000
7820,0.500000
7840,0.500000
7860,0.550000
7880,0.450000
7900,0.350000
7920,0.600000
7940,0.450000
7960,0.500000
7980,0.550000
8000,0.350000
8020,0.400000
8040,0.400000
8060,0.550000
8080,0.350000
8100,0.500000
8120,0.400000
8140,0.600000
8160,0.700000
8180,0.450000
8200,0.450000
8220,0.500000
8240,0.700000
8260,0.500000
8280,0.500000
8300,0.700000
8320,0.600000
8340,0.300000
8360,0.600000
8380,0.450000
8400,0.550000
8420,0.600000
8440,0.550000
8460,0.750000
8480,0.500000
8500,0.550000
8520,0.350000
8540,0.600000
8560,0.600000
8580,0.250000
8600,0.550000
8620,0.500000
8640,0.650000
8660,0.600000
8680,0.550000
8700,0.400000
8720,0.250000
8740,0.450000
8760,0.350000
8780,0.400000
8800,0.450000
8820,0.500000
8840,0.200000
8860,0.350000
8880,0.350000
8900,0.350000
8920,0.500000
8940,0.500000
8960,0.600000
8980,0.500000
9000,0.550000
9020,0.600000
9040,0.450000
9060,0.350000
9080,0.500000
9100,0.450000
9120,0.600000
9140,0.400000
9160,0.550000
9180,0.500000
9200,0.350000
9220,0.650000
9240,0.450000
9260,0.500000
9280,0.400000
9300,0.550000
9320,0.650000
9340,0.400000
9360,0.550000
9380,0.550000
9400,0.650000
9420,0.600000
9440,0.500000
9460,0.550000
9480,0.150000
9500,0.650000
9520,0.600000
9540,0.400000
9560,0.650000
9580,0.650000
9600,0.550000
9620,0.700000
9640,0.600000
9660,0.450000
9680,0.450000
9700,0.600000
9720,0.700000
9740,0.500000
9760,0.800000
9780,0.550000
9800,0.400000
9820,0.550000
9840,0.450000
9860,0.500000
9880,0.550000
9900,0.550000
9920,0.450000
9940,0.650000
9960,0.500000
9980,0.600000
10000,0.500000
10020,0.600000
10040,0.400000
10060,0.550000
10080,0.350000
10100,0.500000
10120,0.450000
10140,0.450000
10160,0.550000
10180,0.450000
10200,0.650000
10220,0.450000
10240,0.500000
10260,0.350000
10280,0.400000
10300,0.550000
10320,0.400000
10340,0.350000
10360,0.450000
10380,0.500000
10400,0.600000
10420,0.500000
10440,0.500000
10460,0.400000
10480,0.450000
10500,0.450000
10520,0.650000
10540,0.550000
10560,0.500000
10580,0.450000
10600,0.400000
10620,0.250000
10640,0.400000
10660,0.550000
10680,0.500000
10700,0.450000
10720,0.350000
10740,0.550000
10760,0.450000
10780,0.700000
10800,0.550000
10820,0.700000
10840,0.300000
10860,0.500000
10880,0.500000
10900,0.250000
10920,0.600000
10940,0.700000
10960,0.550000
10980,0.400000
11000,0.600000
11020,0.450000
11040,0.500000
11060,0.350000
11080,0.700000
11100,0.600000
11120,0.600000
11140,0.450000
11160,0.350000
11180,0.550000
11200,0.600000
11220,0.400000
11240,0.500000
11260,0.500000
11280,0.500000
11300,0.400000
11320,0.450000
11340,0.450000
11360,0.500000
11380,0.600000
11400,0.500000
11420,0.700000
11440,0.450000
11460,0.500000
11480,0.450000
11500,0.500000
11520,0.450000
11540,0.600000
11560,0.600000
11580,0.600000
11600,0.700000
11620,0.650000
11640,0.400000
11660,0.450000
11680,0.550000
11700,0.250000
11720,0.400000
11740,0.500000
11760,0.500000
11780,0.400000
11800,0.450000
11820,0.500000
11840,0.450000
11860,0.550000
11880,0.550000
11900,0.100000
11920,0.600000
11940,0.500000
11960,0.600000
11980,0.550000
12000,0.600000
12020,0.500000
12040,0.400000
12060,0.550000
12080,0.300000
12100,0.550000
12120,0.700000
12140,0.300000
12160,0.550000
12180,0.450000
12200,0.300000
12220,0.550000
12240,0.600000
12260,0.500000
12280,0.650000
12300,0.450000
12320,0.400000
12340,0.300000
12360,0.500000
12380,0.650000
12400,0.250000
12420,0.600000
12440,0.600000
12460,0.400000
12480,0.400000
12500,0.450000
12520,0.500000
12540,0.600000
12560,0.550000
12580,0.450000
12600,0.350000
12620,0.600000
12640,0.500000
12660,0.550000
12680,0.650000
12700,0.500000
12720,0.450000
12740,0.550000
12760,0.600000
12780,0.500000
12800,0.400000
12820,0.500000
12840,0.550000
12860,0.250000
12880,0.500000
12900,0.600000
12920,0.400000
12940,0.500000
12960,0.650000
12980,0.450000
13000,0.450000
13020,0.450000
13040,0.600000
13060,0.650000
13080,0.550000
13100,0.500000
13120,0.600000
13140,0.500000
13160,0.300000
13180,0.550000
13200,0.450000
13220,0.350000
13240,0.450000
13260,0.600000
13280,0.750000
13300,0.350000
13320,0.400000
13340,0.350000
13360,0.350000
13380,0.500000
13400,0.650000
13420,0.450000
13440,0.550000
13460,0.600000
13480,0.550000
13500,0.550000
13520,0.500000
13540,0.550000
13560,0.450000
13580,0.450000
13600,0.600000
13620,0.400000
13640,0.650000
13660,0.550000
13680,0.500000
13700,0.700000
13720,0.550000
13740,0.350000
13760,0.700000
13780,0.600000
13800,0.600000
13820,0.500000
13840,0.500000
13860,0.550000
13880,0.500000
13900,0.300000
13920,0.350000
13940,0.600000
13960,0.150000
13980,0.550000
14000,0.450000
14020,0.600000
14040,0.650000
14060,0.600000
14080,0.650000
14100,0.550000
14120,0.550000
14140,0.550000
14160,0.300000
14180,0.550000
14200,0.600000
14220,0.500000
14240,0.350000
14260,0.350000
14280,0.750000
14300,0.550000
14320,0.450000
14340,0.350000
14360,0.550000
14380,0.600000
14400,0.500000
14420,0.500000
14440,0.600000
14460,0.400000
14480,0.250000
14500,0.400000
14520,0.500000
14540,0.300000
14560,0.400000
14580,0.550000
14600,0.350000
14620,0.400000
14640,0.500000
14660,0.450000
14680,0.350000
14700,0.700000
14720,0.300000
14740,0.300000
14760,0.800000
14780,0.400000
14800,0.550000
14820,0.500000
14840,0.450000
14860,0.700000
14880,0.500000
14900,0.550000
14920,0.350000
14940,0.700000
14960,0.650000
14980,0.550000
15000,0.500000
15020,0.500000
15040,0.550000
15060,0.350000
15080,0.350000
15100,0.350000
15120,0.550000
15140,0.550000
15160,0.500000
15180,0.500000
15200,0.400000
15220,0.350000
15240,0.450000
15260,0.600000
15280,0.600000
15300,0.350000
15320,0.400000
15340,0.650000
15360,0.600000
15380,0.550000
15400,0.450000
15420,0.500000
15440,0.550000
15460,0.500000
15480,0.600000
15500,0.650000
15520,0.500000
15540,0.450000
15560,0.450000
15580,0.400000
15600,0.800000
15620,0.550000
15640,0.550000
15660,0.750000
15680,0.350000
15700,0.650000
15720,0.500000
15740,0.500000
15760,0.400000
15780,0.450000
15800,0.550000
15820,0.450000
15840,0.500000
15860,0.450000
15880,0.450000
15900,0.550000
15920,0.500000
15940,0.300000
15960,0.500000
15980,0.550000
16000,0.500000
16020,0.350000
16040,0.700000
16060,0.600000
16080,0.450000
16100,0.550000
16120,0.400000
16140,0.700000
16160,0.450000
16180,0.750000
16200,0.450000
16220,0.450000
16240,0.350000
16260,0.550000
16280,0.700000
16300,0.400000
16320,0.650000
16340,0.750000
16360,0.550000
16380,0.550000
16400,0.600000
16420,0.600000
16440,0.550000
16460,0.450000
16480,0.500000
16500,0.500000
16520,0.400000
16540,0.550000
16560,0.550000
16580,0.650000
16600,0.400000
16620,0.600000
16640,0.450000
16660,0.700000
16680,0.550000
16700,0.550000
16720,0.650000
16740,0.650000
16760,0.550000
16780,0.400000
16800,0.400000
16820,0.550000
16840,0.500000
16860,0.550000
16880,0.400000
16900,0.200000
16920,0.550000
16940,0.600000
16960,0.750000
16980,0.600000
17000,0.700000
17020,0.400000
17040,0.400000
17060,0.350000
17080,0.400000
17100,0.550000
17120,0.450000
17140,0.550000
17160,0.650000
17180,0.500000
17200,0.450000
17220,0.650000
17240,0.600000
17260,0.550000
17280,0.300000
17300,0.400000
17320,0.450000
17340,0.500000
17360,0.500000
17380,0.450000
17400,0.550000
17420,0.400000
17440,0.450000
17460,0.350000
17480,0.600000
17500,0.400000
17520,0.500000
17540,0.450000
17560,0.450000
17580,0.650000
17600,0.450000
17620,0.450000
17640,0.550000
17660,0.400000
17680,0.550000
17700,0.450000
17720,0.400000
17740,0.550000
17760,0.450000
17780,0.450000
17800,0.350000
17820,0.550000
17840,0.400000
17860,0.350000
17880,0.450000
17900,0.450000
17920,0.450000
17940,0.400000
17960,0.600000
17980,0.350000
18000,0.400000
18020,0.500000
18040,0.500000
18060,0.450000
18080,0.600000
18100,0.350000
18120,0.450000
18140,0.600000
18160,0.700000
18180,0.500000
18200,0.500000
18220,0.400000
18240,0.600000
18260,0.300000
18280,0.400000
18300,0.500000
18320,0.350000
18340,0.650000
18360,0.600000
18380,0.550000
18400,0.600000
18420,0.400000
18440,0.600000
18460,0.550000
18480,0.500000
18500,0.550000
18520,0.500000
18540,0.450000
18560,0.450000
18580,0.450000
18600,0.550000
18620,0.450000
18640,0.350000
18660,0.550000
18680,0.500000
18700,0.650000
18720,0.400000
18740,0.450000
18760,0.500000
18780,0.650000
18800,0.450000
18820,0.550000
18840,0.550000
18860,0.600000
18880,0.400000
18900,0.300000
18920,0.550000
18940,0.550000
18960,0.600000
18980,0.650000
19000,0.550000
19020,0.350000
19040,0.600000
19060,0.400000
19080,0.600000
19100,0.700000
19120,0.650000
19140,0.400000
19160,0.600000
19180,0.600000
19200,0.350000
19220,0.550000
19240,0.550000
19260,0.450000
19280,0.550000
19300,0.600000
19320,0.450000
19340,0.600000
19360,0.350000
19380,0.650000
19400,0.650000
19420,0.500000
19440,0.450000
19460,0.350000
19480,0.400000
19500,0.350000
19520,0.500000
19540,0.450000
19560,0.700000
19580,0.550000
19600,0.500000
19620,0.650000
19640,0.500000
19660,0.550000
19680,0.300000
19700,0.800000
19720,0.650000
19740,0.600000
19760,0.600000
19780,0.550000
19800,0.400000
19820,0.450000
19840,0.650000
19860,0.500000
19880,0.600000
19900,0.650000
19920,0.500000
19940,0.500000
19960,0.600000
19980,0.600000
20000,0.700000
20020,0.450000
20040,0.350000
20060,0.550000
20080,0.400000
20100,0.350000
20120,0.400000
20140,0.400000
20160,0.550000
20180,0.500000
20200,0.550000
20220,0.500000
20240,0.450000
20260,0.450000
20280,0.250000
20300,0.450000
20320,0.500000
20340,0.400000
20360,0.400000
20380,0.400000
20400,0.400000
20420,0.250000
20440,0.600000
20460,0.600000
20480,0.600000
20500,0.450000
20520,0.550000
20540,0.550000
20560,0.550000
20580,0.500000
20600,0.500000
20620,0.500000
20640,0.700000
20660,0.650000
20680,0.400000
20700,0.700000
20720,0.500000
20740,0.500000
20760,0.450000
20780,0.600000
20800,0.500000
20820,0.500000
20840,0.600000
20860,0.450000
20880,0.550000
20900,0.700000
20920,0.450000
20940,0.600000
20960,0.500000
20980,0.300000
21000,0.450000
21020,0.450000
21040,0.600000
21060,0.650000
21080,0.450000
21100,0.550000
21120,0.500000
21140,0.550000
21160,0.650000
21180,0.450000
21200,0.650000
21220,0.450000
21240,0.550000
21260,0.550000
21280,0.600000
21300,0.450000
21320,0.450000
21340,0.350000
21360,0.750000
21380,0.550000
21400,0.400000
21420,0.550000
21440,0.750000
21460,0.550000
21480,0.500000
21500,0.500000
21520,0.550000
21540,0.550000
21560,0.500000
21580,0.450000
21600,0.350000
21620,0.450000
21640,0.550000
21660,0.350000
21680,0.450000
21700,0.550000
21720,0.400000
21740,0.450000
21760,0.550000
21780,0.350000
21800,0.500000
21820,0.450000
21840,0.700000
21860,0.500000
21880,0.500000
21900,0.350000
21920,0.800000
21940,0.500000
21960,0.650000
21980,0.500000
22000,0.500000
22020,0.550000
22040,0.600000
22060,0.500000
22080,0.600000
22100,0.300000
22120,0.600000
22140,0.200000
22160,0.400000
22180,0.800000
22200,0.500000
22220,0.450000
22240,0.500000
22260,0.700000
22280,0.500000
22300,0.400000
22320,0.600000
22340,0.600000
22360,0.550000
22380,0.400000
22400,0.700000
22420,0.500000
22440,0.400000
22460,0.650000
22480,0.350000
22500,0.450000
22520,0.600000
22540,0.500000
22560,0.300000
22580,0.350000
22600,0.500000
22620,0.500000
22640,0.450000
22660,0.450000
22680,0.450000
22700,0.550000
22720,0.400000
22740,0.550000
22760,0.650000
22780,0.500000
22800,0.600000
22820,0.550000
22840,0.600000
22860,0.400000
22880,0.700000
22900,0.600000
22920,0.450000
22940,0.400000
22960,0.350000
22980,0.400000
23000,0.500000
23020,0.550000
23040,0.300000
23060,0.600000
23080,0.600000
23100,0.450000
23120,0.550000
23140,0.450000
23160,0.750000
23180,0.450000
23200,0.650000
23220,0.650000
23240,0.450000
23260,0.350000
23280,0.600000
23300,0.450000
23320,0.550000
23340,0.550000
23360,0.450000
23380,0.500000
23400,0.600000
23420,0.550000
23440,0.750000
23460,0.600000
23480,0.700000
23500,0.650000
23520,0.650000
23540,0.500000
23560,0.400000
23580,0.500000
23600,0.500000
23620,0.500000
23640,0.450000
23660,0.600000
23680,0.600000
23700,0.500000
23720,0.550000
23740,0.450000
23760,0.450000
23780,0.550000
23800,0.500000
23820,0.750000
23840,0.400000
23860,0.400000
23880,0.550000
23900,0.600000
23920,0.350000
23940,0.350000
23960,0.350000
23980,0.450000
24000,0.550000
24020,0.450000
24040,0.400000
24060,0.500000
24080,0.600000
24100,0.450000
24120,0.400000
24140,0.400000
24160,0.400000
24180,0.550000
24200,0.450000
24220,0.550000
24240,0.500000
24260,0.500000
24280,0.450000
24300,0.350000
24320,0.450000
24340,0.250000
24360,0.500000
24380,0.700000
24400,0.600000
24420,0.600000
24440,0.550000
24460,0.650000
24480,0.550000
24500,0.350000
24520,0.450000
24540,0.450000
24560,0.550000
24580,0.550000
24600,0.300000
24620,0.350000
24640,0.500000
24660,0.600000
24680,0.600000
24700,0.600000
24720,0.250000
24740,0.800000
24760,0.500000
24780,0.450000
24800,0.650000
24820,0.550000
24840,0.400000
24860,0.600000
24880,0.550000
24900,0.350000
24920,0.550000
24940,0.450000
24960,0.450000
24980,0.450000
25000,0.350000
25020,0.700000
25040,0.400000
25060,0.400000
25080,0.500000
25100,0.500000
25120,0.400000
25140,0.300000
25160,0.500000
25180,0.600000
25200,0.400000
25220,0.550000
25240,0.500000
25260,0.500000
25280,0.350000
25300,0.450000
25320,0.350000
25340,0.550000
25360,0.550000
25380,0.500000
25400,0.600000
25420,0.400000
25440,0.550000
25460,0.500000
25480,0.500000
25500,0.650000
25520,0.350000
25540,0.550000
25560,0.650000
25580,0.500000
25600,0.600000
25620,0.350000
25640,0.700000
25660,0.800000
25680,0.450000
25700,0.600000
25720,0.500000
25740,0.650000
25760,0.600000
25780,0.600000
25800,0.600000
25820,0.450000
25840,0.600000
25860,0.350000
25880,0.500000
25900,0.400000
25920,0.450000
25940,0.400000
25960,0.700000
25980,0.450000
26000,0.600000
26020,0.500000
26040,0.550000
26060,0.300000
26080,0.400000
26100,0.400000
26120,0.650000
26140,0.500000
26160,0.400000
26180,0.550000
26200,0.450000
26220,0.550000
26240,0.550000
26260,0.700000
26280,0.700000
26300,0.450000
26320,0.550000
26340,0.450000
26360,0.550000
26380,0.550000
26400,0.400000
26420,0.600000
26440,0.500000
26460,0.500000
26480,0.600000
26500,0.500000
26520,0.600000
26540,0.200000
26560,0.650000
26580,0.750000
26600,0.500000
26620,0.600000
26640,0.550000
26660,0.650000
26680,0.700000
26700,0.400000
26720,0.650000
26740,0.350000
26760,0.600000
26780,0.650000
26800,0.500000
26820,0.450000
26840,0.550000
26860,0.450000
26880,0.350000
26900,0.550000
26920,0.550000
26940,0.600000
26960,0.500000
26980,0.650000
27000,0.450000
27020,0.450000
27040,0.600000
27060,0.450000
27080,0.550000
27100,0.500000
27120,0.600000
27140,0.400000
27160,0.500000
27180,0.500000
27200,0.600000
27220,0.400000
27240,0.450000
27260,0.500000
27280,0.250000
27300,0.500000
27320,0.550000
27340,0.450000
27360,0.500000
27380,0.500000
27400,0.400000
27420,0.450000
27440,0.550000
27460,0.450000
27480,0.500000
27500,0.550000
27520,0.450000
27540,0.650000
27560,0.450000
27580,0.450000
27600,0.650000
27620,0.400000
27640,0.600000
27660,0.200000
27680,0.650000
27700,0.400000
27720,0.500000
27740,0.450000
27760,0.500000
27780,0.550000
27800,0.450000
27820,0.500000
27840,0.600000
27860,0.500000
27880,0.550000
27900,0.550000
27920,0.350000
27940,0.500000
27960,0.450000
27980,0.600000
28000,0.450000
28020,0.500000
28040,0.550000
28060,0.600000
28080,0.500000
28100,0.600000
28120,0.600000
28140,0.750000
28160,0.350000
28180,0.550000
28200,0.700000
28220,0.450000
28240,0.550000
28260,0.650000
28280,0.650000
28300,0.500000
28320,0.600000
28340,0.350000
28360,0.600000
28380,0.400000
28400,0.600000
28420,0.350000
28440,0.400000
28460,0.600000
28480,0.500000
28500,0.450000
28520,0.400000
28540,0.400000
28560,0.700000
28580,0.600000
28600,0.550000
28620,0.450000
28640,0.450000
28660,0.700000
28680,0.500000
28700,0.400000
28720,0.450000
28740,0.450000
28760,0.300000
28780,0.200000
28800,0.350000
28820,0.400000
28840,0.400000
28860,0.650000
28880,0.600000
28900,0.400000
28920,0.800000
28940,0.500000
28960,0.550000
28980,0.350000
29000,0.550000
29020,0.650000
29040,0.550000
29060,0.500000
29080,0.450000
29100,0.450000
29120,0.650000
29140,0.300000
29160,0.350000
29180,0.300000
29200,0.550000
29220,0.350000
29240,0.750000
29260,0.550000
29280,0.400000
29300,0.300000
29320,0.500000
29340,0.500000
29360,0.400000
29380,0.350000
29400,0.400000
29420,0.350000
29440,0.600000
29460,0.650000
29480,0.300000
29500,0.350000
29520,0.550000
29540,0.650000
29560,0.750000
29580,0.600000
29600,0.500000
29620,0.500000
29640,0.350000
29660,0.400000
29680,0.600000
29700,0.500000
29720,0.600000
29740,0.400000
29760,0.450000
29780,0.650000
29800,0.500000
29820,0.400000
29840,0.500000
29860,0.350000
29880,0.400000
29900,0.750000
29920,0.600000
29940,0.600000
29960,0.700000
29980,0.450000
30000,0.450000
30020,0.650000
30040,0.550000
30060,0.550000
30080,0.450000
30100,0.400000
30120,0.550000
30140,0.500000
30160,0.650000
30180,0.450000
30200,0.250000
30220,0.550000
30240,0.650000
30260,0.450000
30280,0.400000
30300,0.500000
30320,0.450000
30340,0.500000
30360,0.650000
30380,0.400000
30400,0.450000
30420,0.400000
30440,0.900000
30460,0.650000
30480,0.500000
30500,0.300000
30520,0.800000
30540,0.400000
30560,0.450000
30580,0.450000
30600,0.600000
30620,0.700000
30640,0.350000
30660,0.350000
30680,0.500000
30700,0.300000
30720,0.650000
30740,0.500000
30760,0.700000
30780,0.600000
30800,0.550000
30820,0.400000
30840,0.500000
30860,0.650000
30880,0.500000
30900,0.250000
30920,0.400000
30940,0.450000
30960,0.700000
30980,0.550000
31000,0.500000
31020,0.550000
31040,0.400000
31060,0.600000
31080,0.300000
31100,0.400000
31120,0.550000
31140,0.550000
31160,0.400000
31180,0.200000
31200,0.450000
31220,0.500000
31240,0.400000
31260,0.600000
31280,0.400000
31300,0.300000
31320,0.700000
31340,0.450000
31360,0.350000
31380,0.300000
31400,0.450000
31420,0.550000
31440,0.450000
31460,0.500000
31480,0.600000
31500,0.500000
31520,0.550000
31540,0.700000
31560,0.450000
31580,0.500000
31600,0.450000
31620,0.500000
31640,0.700000
31660,0.550000
31680,0.450000
31700,0.300000
31720,0.600000
31740,0.650000
31760,0.600000
31780,0.550000
31800,0.500000
31820,0.500000
31840,0.550000
31860,0.450000
31880,0.350000
31900,0.500000
31920,0.600000
31940,0.550000
31960,0.450000
31980,0.550000
32000,0.500000
32020,0.600000
32040,0.450000
32060,0.300000
32080,0.550000
32100,0.500000
32120,0.400000
32140,0.250000
32160,0.550000
32180,0.550000
32200,0.550000
32220,0.450000
32240,0.550000
32260,0.450000
32280,0.600000
32300,0.400000
32320,0.400000
32340,0.450000
32360,0.450000
32380,0.650000
32400,0.650000
32420,0.450000
32440,0.600000
32460,0.500000
32480,0.400000
32500,0.500000
32520,0.650000
32540,0.450000
32560,0.450000
32580,0.450000
32600,0.700000
32620,0.450000
32640,0.650000
32660,0.450000
32680,0.400000
32700,0.500000
32720,0.550000
32740,0.550000
32760,0.550000
32780,0.550000
32800,0.500000
32820,0.200000
32840,0.550000
32860,0.600000
32880,0.350000
32900,0.600000
32920,0.600000
32940,0.550000
32960,0.550000
32980,0.600000
33000,0.700000
33020,0.700000
33040,0.300000
33060,0.400000
33080,0.550000
33100,0.550000
33120,0.600000
33140,0.650000
33160,0.400000
33180,0.400000
33200,0.750000
33220,0.450000
33240,0.350000
33260,0.400000
33280,0.500000
33300,0.750000
33320,0.550000
33340,0.550000
33360,0.600000
33380,0.350000
33400,0.500000
33420,0.650000
33440,0.450000
33460,0.450000
33480,0.550000
33500,0.650000
33520,0.550000
33540,0.300000
33560,0.450000
33580,0.450000
33600,0.450000
33620,0.650000
33640,0.700000
33660,0.450000
33680,0.350000
33700,0.450000
33720,0.300000
33740,0.350000
33760,0.450000
33780,0.400000
33800,0.500000
33820,0.550000
33840,0.600000
33860,0.650000
33880,0.700000
33900,0.500000
33920,0.450000
33940,0.650000
33960,0.700000
33980,0.550000
34000,0.450000
34020,0.500000
34040,0.550000
34060,0.700000
34080,0.550000
34100,0.550000
34120,0.600000
34140,0.650000
34160,0.550000
34180,0.600000
34200,0.500000
34220,0.400000
34240,0.700000
34260,0.450000
34280,0.400000
34300,0.450000
34320,0.750000
34340,0.450000
34360,0.500000
34380,0.450000
34400,0.550000
34420,0.500000
34440,0.450000
34460,0.600000
34480,0.250000
34500,0.500000
34520,0.650000
34540,0.700000
34560,0.550000
34580,0.500000
34600,0.550000
34620,0.600000
34640,0.600000
34660,0.600000
34680,0.450000
34700,0.750000
34720,0.200000
34740,0.550000
34760,0.250000
34780,0.350000
34800,0.600000
34820,0.450000
34840,0.250000
34860,0.550000
34880,0.400000
34900,0.600000
34920,0.600000
34940,0.500000
34960,0.250000
34980,0.450000
35000,0.500000
35020,0.500000
35040,0.400000
35060,0.500000
35080,0.600000
35100,0.750000
35120,0.250000
35140,0.600000
35160,0.550000
35180,0.450000
35200,0.700000
35220,0.450000
35240,0.350000
35260,0.600000
35280,0.400000
35300,0.300000
35320,0.550000
35340,0.700000
35360,0.700000
35380,0.650000
35400,0.550000
35420,0.600000
35440,0.450000
35460,0.350000
35480,0.500000
35500,0.250000
35520,0.300000
35540,0.500000
35560,0.550000
35580,0.300000
35600,0.350000
35620,0.400000
35640,0.550000
35660,0.350000
35680,0.350000
35700,0.550000
35720,0.450000
35740,0.500000
35760,0.600000
35780,0.350000
35800,0.600000
35820,0.300000
35840,0.500000
35860,0.500000
35880,0.450000
35900,0.600000
35920,0.650000
35940,0.550000
35960,0.750000
35980,0.500000
36000,0.500000
36020,0.550000
36040,0.500000
36060,0.450000
36080,0.550000
36100,0.500000
36120,0.550000
36140,0.650000
36160,0.550000
36180,0.600000
36200,0.550000
36220,0.650000
36240,0.400000
36260,0.550000
36280,0.650000
36300,0.500000
36320,0.550000
36340,0.650000
36360,0.500000
36380,0.600000
36400,0.400000
36420,0.500000
36440,0.650000
36460,0.500000
36480,0.450000
36500,0.450000
36520,0.350000
36540,0.450000
36560,0.600000
36580,0.600000
36600,0.600000
36620,0.400000
36640,0.650000
36660,0.600000
36680,0.600000
36700,0.250000
36720,0.500000
36740,0.500000
36760,0.400000
36780,0.550000
36800,0.500000
36820,0.650000
36840,0.450000
36860,0.500000
36880,0.600000
36900,0.700000
36920,0.600000
36940,0.750000
36960,0.500000
36980,0.750000
37000,0.450000
37020,0.500000
37040,0.550000
37060,0.500000
37080,0.600000
37100,0.350000
37120,0.550000
37140,0.650000
37160,0.450000
37180,0.600000
37200,0.450000
37220,0.550000
37240,0.550000
37260,0.250000
37280,0.450000
37300,0.500000
37320,0.550000
37340,0.450000
37360,0.550000
37380,0.300000
37400,0.600000
37420,0.550000
37440,0.600000
37460,0.450000
37480,0.450000
37500,0.450000
37520,0.650000
37540,0.700000
37560,0.450000
37580,0.650000
37600,0.450000
37620,0.500000
37640,0.350000
37660,0.450000
37680,0.500000
37700,0.450000
37720,0.450000
37740,0.350000
37760,0.650000
37780,0.450000
37800,0.400000
37820,0.500000
37840,0.550000
37860,0.750000
37880,0.600000
37900,0.400000
37920,0.600000
37940,0.500000
37960,0.400000
37980,0.700000
38000,0.450000
38020,0.550000
38040,0.800000
38060,0.500000
38080,0.450000
38100,0.450000
38120,0.450000
38140,0.650000
38160,0.550000
38180,0.750000
38200,0.300000
38220,0.300000
38240,0.400000
38260,0.450000
38280,0.550000
38300,0.450000
38320,0.450000
38340,0.600000
38360,0.350000
38380,0.550000
38400,0.500000
38420,0.450000
38440,0.250000
38460,0.800000
38480,0.450000
38500,0.500000
38520,0.300000
38540,0.450000
38560,0.550000
38580,0.450000
38600,0.550000
38620,0.350000
38640,0.550000
38660,0.350000
38680,0.400000
38700,0.600000
38720,0.300000
38740,0.550000
38760,0.500000
38780,0.600000
38800,0.400000
38820,0.400000
38840,0.400000
38860,0.550000
38880,0.350000
38900,0.300000
38920,0.500000
38940,0.650000
38960,0.550000
38980,0.350000
39000,0.550000
39020,0.600000
39040,0.300000
39060,0.350000
39080,0.600000
39100,0.600000
39120,0.400000
39140,0.450000
39160,0.500000
39180,0.700000
39200,0.350000
39220,0.400000
39240,0.650000
39260,0.450000
39280,0.500000
39300,0.600000
39320,0.400000
39340,0.550000
39360,0.500000
39380,0.650000
39400,0.500000
39420,0.450000
39440,0.400000
39460,0.500000
39480,0.600000
39500,0.600000
39520,0.450000
39540,0.400000
39560,0.600000
39580,0.700000
39600,0.500000
39620,0.400000
39640,0.500000
39660,0.300000
39680,0.550000
39700,0.600000
39720,0.650000
39740,0.650000
39760,0.250000
39780,0.550000
39800,0.550000
39820,0.600000
39840,0.400000
39860,0.700000
39880,0.600000
39900,0.400000
39920,0.700000
39940,0.700000
39960,0.650000
39980,0.550000
40000,0.600000
40020,0.550000
40040,0.350000
40060,0.600000
40080,0.450000
40100,0.550000
40120,0.450000
40140,0.600000
40160,0.650000
40180,0.550000
40200,0.600000
40220,0.400000
40240,0.500000
40260,0.600000
40280,0.400000
40300,0.500000
40320,0.400000
40340,0.300000
40360,0.400000
40380,0.500000
40400,0.600000
40420,0.350000
40440,0.500000
40460,0.650000
40480,0.500000
40500,0.700000
40520,0.500000
40540,0.500000
40560,0.500000
40580,0.550000
40600,0.350000
40620,0.550000
40640,0.550000
40660,0.400000
40680,0.600000
40700,0.450000
40720,0.650000
40740,0.600000
40760,0.600000
40780,0.550000
40800,0.550000
40820,0.500000
40840,0.450000
40860,0.550000
40880,0.550000
40900,0.550000
40920,0.400000
40940,0.500000
40960,0.550000
40980,0.550000
41000,0.350000
41020,0.550000
41040,0.600000
41060,0.400000
41080,0.450000
41100,0.650000
41120,0.600000
41140,0.400000
41160,0.550000
41180,0.450000
41200,0.500000
41220,0.700000
41240,0.350000
41260,0.550000
41280,0.300000
41300,0.400000
41320,0.600000
41340,0.600000
41360,0.700000
41380,0.550000
41400,0.550000
41420,0.350000
41440,0.450000
41460,0.500000
41480,0.450000
41500,0.500000
41520,0.350000
41540,0.450000
41560,0.450000
41580,0.500000
41600,0.550000
41620,0.400000
41640,0.550000
41660,0.600000
41680,0.500000
41700,0.650000
41720,0.500000
41740,0.500000
41760,0.500000
41780,0.550000
41800,0.500000
41820,0.500000
41840,0.450000
41860,0.550000
41880,0.600000
41900,0.400000
41920,0.400000
41940,0.400000
41960,0.350000
41980,0.350000
42000,0.600000
42020,0.550000
42040,0.400000
42060,0.200000
42080,0.550000
42100,0.350000
42120,0.500000
42140,0.600000
42160,0.400000
42180,0.500000
42200,0.350000
42220,0.450000
42240,0.450000
42260,0.550000
42280,0.500000
42300,0.450000
42320,0.500000
42340,0.600000
42360,0.550000
42380,0.500000
42400,0.500000
42420,0.650000
42440,0.650000
42460,0.450000
42480,0.450000
42500,0.750000
42520,0.500000
42540,0.150000
42560,0.700000
42580,0.700000
42600,0.450000
42620,0.300000
42640,0.600000
42660,0.350000
42680,0.550000
42700,0.500000
42720,0.450000
42740,0.350000
42760,0.450000
42780,0.450000
42800,0.750000
42820,0.700000
42840,0.550000
42860,0.500000
42880,0.400000
42900,0.600000
42920,0.350000
42940,0.500000
42960,0.600000
42980,0.350000
43000,0.300000
43020,0.500000
43040,0.450000
43060,0.400000
43080,0.400000
43100,0.450000
43120,0.450000
43140,0.600000
43160,0.500000
43180,0.800000
43200,0.500000
43220,0.550000
43240,0.450000
43260,0.450000
43280,0.450000
43300,0.800000
43320,0.600000
43340,0.650000
43360,0.400000
43380,0.400000
43400,0.500000
43420,0.450000
43440,0.350000
43460,0.500000
43480,0.600000
43500,0.500000
43520,0.250000
43540,0.650000
43560,0.550000
43580,0.400000
43600,0.500000
43620,0.450000
43640,0.450000
43660,0.450000
43680,0.550000
43700,0.400000
43720,0.450000
43740,0.650000
43760,0.600000
43780,0.450000
43800,0.550000
43820,0.650000
43840,0.500000
43860,0.350000
43880,0.550000
43900,0.550000
43920,0.350000
43940,0.550000
43960,0.450000
43980,0.350000
44000,0.650000
44020,0.600000
44040,0.550000
44060,0.650000
44080,0.450000
44100,0.550000
44120,0.550000
44140,0.400000
44160,0.500000
44180,0.450000
44200,0.550000
44220,0.600000
44240,0.550000
44260,0.650000
44280,0.450000
44300,0.450000
44320,0.400000
44340,0.650000
44360,0.650000
44380,0.650000
44400,0.400000
44420,0.600000
44440,0.350000
44460,0.600000
44480,0.350000
44500,0.650000
44520,0.450000
44540,0.500000
44560,0.400000
44580,0.550000
44600,0.650000
44620,0.450000
44640,0.400000
44660,0.400000
44680,0.700000
44700,0.650000
44720,0.700000
44740,0.600000
44760,0.550000
44780,0.550000
44800,0.700000
44820,0.500000
44840,0.400000
44860,0.450000
44880,0.600000
44900,0.500000
44920,0.500000
44940,0.400000
44960,0.550000
44980,0.550000
45000,0.450000
45020,0.400000
45040,0.350000
45060,0.400000
45080,0.500000
45100,0.450000
45120,0.300000
45140,0.450000
45160,0.500000
45180,0.500000
45200,0.600000
45220,0.300000
45240,0.500000
45260,0.450000
45280,0.350000
45300,0.450000
45320,0.550000
45340,0.600000
45360,0.500000
45380,0.550000
45400,0.600000
45420,0.700000
45440,0.500000
45460,0.500000
45480,0.550000
45500,0.650000
45520,0.500000
45540,0.450000
45560,0.250000
45580,0.550000
45600,0.400000
45620,0.400000
45640,0.550000
45660,0.550000
45680,0.200000
45700,0.600000
45720,0.400000
45740,0.600000
45760,0.250000
45780,0.400000
45800,0.600000
45820,0.450000
45840,0.700000
45860,0.400000
45880,0.450000
45900,0.650000
45920,0.450000
45940,0.500000
45960,0.700000
45980,0.500000
46000,0.500000
46020,0.450000
46040,0.350000
46060,0.500000
46080,0.550000
46100,0.400000
46120,0.500000
46140,0.400000
46160,0.400000
46180,0.500000
46200,0.300000
46220,0.550000
46240,0.600000
46260,0.450000
46280,0.250000
46300,0.500000
46320,0.600000
46340,0.550000
46360,0.600000
46380,0.500000
46400,0.650000
46420,0.550000
46440,0.600000
46460,0.450000
46480,0.550000
46500,0.450000
46520,0.600000
46540,0.400000
46560,0.600000
46580,0.300000
46600,0.550000
46620,0.300000
46640,0.450000
46660,0.750000
46680,0.150000
46700,0.750000
46720,0.500000
46740,0.750000
46760,0.450000
46780,0.450000
46800,0.700000
46820,0.500000
46840,0.550000
46860,0.500000
46880,0.400000
46900,0.350000
46920,0.700000
46940,0.500000
46960,0.650000
46980,0.350000
47000,0.400000
47020,0.650000
47040,0.600000
47060,0.650000
47080,0.550000
47100,0.400000
47120,0.350000
47140,0.400000
47160,0.500000
47180,0.350000
47200,0.450000
47220,0.600000
47240,0.550000
47260,0.450000
47280,0.550000
47300,0.700000
47320,0.550000
47340,0.200000
47360,0.450000
47380,0.600000
47400,0.450000
47420,0.400000
47440,0.250000
47460,0.600000
47480,0.750000
47500,0.750000
47520,0.550000
47540,0.450000
47560,0.650000
47580,0.700000
47600,0.350000
47620,0.250000
47640,0.650000
47660,0.500000
47680,0.650000
47700,0.450000
47720,0.500000
47740,0.600000
47760,0.450000
47780,0.400000
47800,0.800000
47820,0.700000
47840,0.450000
47860,0.550000
47880,0.600000
47900,0.500000
47920,0.300000
47940,0.550000
47960,0.400000
47980,0.450000
48000,0.650000
48020,0.600000
48040,0.600000
48060,0.550000
48080,0.450000
48100,0.750000
48120,0.500000
48140,0.600000
48160,0.550000
48180,0.500000
48200,0.550000
48220,0.550000
48240,0.400000
48260,0.750000
48280,0.450000
48300,0.300000
48320,0.500000
48340,0.550000
48360,0.600000
48380,0.550000
48400,0.400000
48420,0.350000
48440,0.550000
48460,0.600000
48480,0.500000
48500,0.500000
48520,0.500000
48540,0.600000
48560,0.450000
48580,0.400000
48600,0.700000
48620,0.400000
48640,0.650000
48660,0.600000
48680,0.600000
48700,0.600000
48720,0.350000
48740,0.350000
48760,0.500000
48780,0.550000
48800,0.500000
48820,0.500000
48840,0.400000
48860,0.400000
48880,0.650000
48900,0.700000
48920,0.300000
48940,0.500000
48960,0.500000
48980,0.650000
49000,0.550000
49020,0.400000
49040,0.500000
49060,0.700000
49080,0.550000
49100,0.450000
49120,0.650000
49140,0.400000
49160,0.350000
49180,0.500000
49200,0.450000
49220,0.350000
49240,0.300000
49260,0.550000
49280,0.500000
49300,0.400000
49320,0.500000
49340,0.700000
49360,0.450000
49380,0.550000
49400,0.250000
49420,0.600000
49440,0.500000
49460,0.600000
49480,0.450000
49500,0.550000
49520,0.400000
49540,0.350000
49560,0.450000
49580,0.600000
49600,0.350000
49620,0.400000
49640,0.750000
49660,0.600000
49680,0.500000
49700,0.450000
49720,0.500000
49740,0.400000
49760,0.300000
49780,0.400000
49800,0.450000
49820,0.550000
49840,0.400000
49860,0.550000
49880,0.400000
49900,0.450000
49920,0.500000
49940,0.600000
49960,0.800000
49980,0.500000
50000,0.700000
50020,0.250000
50040,0.400000
50060,0.550000
50080,0.300000
50100,0.400000
50120,0.500000
50140,0.500000
50160,0.500000
50180,0.400000
50200,0.650000
50220,0.450000
50240,0.550000
50260,0.300000
50280,0.500000
50300,0.300000
50320,0.600000
50340,0.500000
50360,0.600000
50380,0.550000
50400,0.500000
50420,0.450000
50440,0.500000
50460,0.500000
50480,0.400000
50500,0.700000
50520,0.400000
50540,0.700000
50560,0.500000
50580,0.600000
50600,0.550000
50620,0.500000
50640,0.400000
50660,0.350000
50680,0.550000
50700,0.400000
50720,0.500000
50740,0.550000
50760,0.600000
50780,0.500000
50800,0.500000
50820,0.750000
50840,0.500000
50860,0.650000
50880,0.550000
50900,0.600000
50920,0.450000
50940,0.450000
50960,0.500000
50980,0.500000
51000,0.500000
51020,0.650000
51040,0.650000
51060,0.400000
51080,0.450000
51100,0.550000
51120,0.500000
51140,0.450000
51160,0.350000
51180,0.350000
51200,0.400000
51220,0.450000
51240,0.600000
51260,0.500000
51280,0.450000
51300,0.600000
51320,0.500000
51340,0.550000
51360,0.400000
51380,0.400000
51400,0.500000
51420,0.450000
51440,0.600000
51460,0.450000
51480,0.450000
51500,0.600000
51520,0.350000
51540,0.450000
51560,0.550000
51580,0.650000
51600,0.500000
51620,0.600000
51640,0.400000
51660,0.400000
51680,0.400000
51700,0.700000
51720,0.700000
51740,0.500000
51760,0.550000
51780,0.350000
51800,0.450000
51820,0.650000
51840,0.450000
51860,0.600000
51880,0.550000
51900,0.550000
51920,0.400000
51940,0.550000
51960,0.450000
51980,0.500000
52000,0.500000
52020,0.450000
52040,0.450000
52060,0.500000
52080,0.600000
52100,0.450000
52120,0.650000
52140,0.450000
52160,0.650000
52180,0.500000
52200,0.600000
52220,0.450000
52240,0.300000
52260,0.600000
52280,0.450000
52300,0.700000
52320,0.450000
52340,0.600000
52360,0.400000
52380,0.450000
52400,0.400000
52420,0.600000
52440,0.550000
52460,0.400000
52480,0.650000
52500,0.600000
52520,0.450000
52540,0.600000
52560,0.500000
52580,0.450000
52600,0.750000
52620,0.400000
52640,0.600000
52660,0.350000
52680,0.400000
52700,0.550000
52720,0.650000
52740,0.350000
52760,0.550000
52780,0.450000
52800,0.450000
52820,0.400000
52840,0.400000
52860,0.450000
52880,0.350000
52900,0.450000
52920,0.600000
52940,0.650000
52960,0.600000
52980,0.550000
53000,0.450000
53020,0.650000
53040,0.450000
53060,0.400000
53080,0.700000
53100,0.350000
53120,0.500000
53140,0.550000
53160,0.600000
53180,0.400000
53200,0.250000
53220,0.650000
53240,0.150000
53260,0.550000
53280,0.500000
53300,0.300000
53320,0.500000
53340,0.400000
53360,0.500000
53380,0.350000
53400,0.600000
53420,0.600000
53440,0.600000
53460,0.450000
53480,0.400000
53500,0.600000
53520,0.650000
53540,0.450000
53560,0.500000
53580,0.350000
53600,0.550000
53620,0.550000
53640,0.500000
53660,0.600000
53680,0.400000
53700,0.600000
53720,0.600000
53740,0.500000
53760,0.350000
53780,0.600000
53800,0.300000
53820,0.250000
53840,0.600000
53860,0.500000
53880,0.700000
53900,0.500000
53920,0.600000
53940,0.450000
53960,0.400000
53980,0.500000
54000,0.450000
54020,0.550000
54040,0.550000
54060,0.550000
54080,0.500000
54100,0.500000
54120,0.350000
54140,0.250000
54160,0.600000
54180,0.700000
54200,0.700000
54220,0.650000
54240,0.550000
54260,0.750000
54280,0.500000
54300,0.400000
54320,0.700000
54340,0.500000
54360,0.500000
54380,0.550000
54400,0.500000
54420,0.350000
54440,0.600000
54460,0.250000
54480,0.350000
54500,0.600000
54520,0.450000
54540,0.450000
54560,0.550000
54580,0.350000
54600,0.600000
54620,0.250000
54640,0.550000
54660,0.550000
54680,0.600000
54700,0.550000
54720,0.550000
54740,0.650000
54760,0.400000
54780,0.600000
54800,0.500000
54820,0.600000
54840,0.400000
54860,0.400000
54880,0.500000
54900,0.550000
54920,0.500000
54940,0.450000
54960,0.450000
54980,0.550000
55000,0.650000
55020,0.600000
55040,0.650000
55060,0.350000
55080,0.450000
55100,0.600000
55120,0.150000
55140,0.700000
55160,0.450000
55180,0.550000
55200,0.600000
55220,0.400000
55240,0.200000
55260,0.650000
55280,0.450000
55300,0.800000
55320,0.250000
55340,0.400000
55360,0.500000
55380,0.500000
55400,0.350000
55420,0.450000
55440,0.550000
55460,0.450000
55480,0.600000
55500,0.350000
55520,0.450000
55540,0.500000
55560,0.750000
55580,0.500000
55600,0.550000
55620,0.450000
55640,0.500000
55660,0.600000
55680,0.650000
55700,0.450000
55720,0.550000
55740,0.400000
55760,0.300000
55780,0.600000
55800,0.400000
55820,0.350000
55840,0.650000
55860,0.450000
55880,0.450000
55900,0.450000
55920,0.550000
55940,0.450000
55960,0.600000
55980,0.550000
56000,0.500000
56020,0.700000
56040,0.550000
56060,0.600000
56080,0.600000
56100,0.400000
56120,0.650000
56140,0.500000
56160,0.550000
56180,0.450000
56200,0.600000
56220,0.400000
56240,0.450000
56260,0.650000
56280,0.200000
56300,0.450000
56320,0.300000
56340,0.400000
56360,0.250000
56380,0.650000
56400,0.600000
56420,0.500000
56440,0.550000
56460,0.750000
56480,0.550000
56500,0.400000
56520,0.450000
56540,0.650000
56560,0.550000
56580,0.500000
56600,0.650000
56620,0.400000
56640,0.700000
56660,0.400000
56680,0.650000
56700,0.650000
56720,0.450000
56740,0.450000
56760,0.600000
56780,0.650000
56800,0.450000
56820,0.450000
56840,0.600000
56860,0.450000
56880,0.350000
56900,0.550000
56920,0.400000
56940,0.550000
56960,0.350000
56980,0.450000
57000,0.550000
57020,0.550000
57040,0.500000
57060,0.500000
57080,0.450000
57100,0.450000
57120,0.550000
57140,0.550000
57160,0.550000
57180,0.500000
57200,0.650000
57220,0.550000
57240,0.400000
57260,0.400000
57280,0.600000
57300,0.300000
57320,0.550000
57340,0.400000
57360,0.300000
57380,0.500000
57400,0.600000
57420,0.450000
57440,0.650000
57460,0.400000
57480,0.500000
57500,0.550000
57520,0.600000
57540,0.700000
57560,0.600000
57580,0.300000
57600,0.600000
57620,0.450000
57640,0.400000
57660,0.450000
57680,0.500000
57700,0.400000
57720,0.450000
57740,0.500000
57760,0.350000
57780,0.250000
57800,0.550000
57820,0.550000
57840,0.600000
57860,0.550000
57880,0.550000
57900,0.450000
57920,0.450000
57940,0.600000
57960,0.400000
57980,0.500000
58000,0.450000
58020,0.550000
58040,0.400000
58060,0.550000
58080,0.450000
58100,0.500000
58120,0.450000
58140,0.500000
58160,0.450000
58180,0.500000
58200,0.450000
58220,0.500000
58240,0.500000
58260,0.550000
58280,0.550000
58300,0.450000
58320,0.350000
58340,0.500000
58360,0.500000
58380,0.500000
58400,0.350000
58420,0.600000
58440,0.400000
58460,0.350000
58480,0.350000
58500,0.400000
58520,0.750000
58540,0.700000
58560,0.500000
58580,0.500000
58600,0.300000
58620,0.500000
58640,0.450000
58660,0.600000
58680,0.600000
58700,0.450000
58720,0.650000
58740,0.550000
58760,0.400000
58780,0.150000
58800,0.450000
58820,0.500000
58840,0.400000
58860,0.600000
58880,0.600000
58900,0.650000
58920,0.450000
58940,0.350000
58960,0.650000
58980,0.600000
59000,0.550000
59020,0.450000
59040,0.350000
59060,0.450000
59080,0.300000
59100,0.500000
59120,0.550000
59140,0.550000
59160,0.500000
59180,0.550000
59200,0.500000
59220,0.300000
59240,0.650000
59260,0.500000
59280,0.450000
59300,0.400000
59320,0.550000
59340,0.500000
59360,0.400000
59380,0.300000
59400,0.200000
59420,0.450000
59440,0.550000
59460,0.500000
59480,0.450000
59500,0.350000
59520,0.450000
59540,0.650000
59560,0.600000
59580,0.300000
59600,0.550000
59620,0.500000
59640,0.550000
59660,0.550000
59680,0.200000
59700,0.550000
59720,0.400000
59740,0.250000
59760,0.550000
59780,0.500000
59800,0.600000
59820,0.450000
59840,0.450000
59860,0.450000
59880,0.550000
59900,0.350000
59920,0.500000
59940,0.450000
59960,0.550000
59980,0.550000
60000,0.400000
60020,0.350000
60040,0.750000
60060,0.550000
60080,0.550000
60100,0.500000
60120,0.500000
60140,0.450000
60160,0.450000
60180,0.750000
60200,0.700000
60220,0.600000
60240,0.400000
60260,0.550000
60280,0.500000
60300,0.550000
60320,0.350000
60340,0.550000
60360,0.500000
60380,0.650000
60400,0.550000
60420,0.500000
60440,0.650000
60460,0.700000
60480,0.800000
60500,0.700000
60520,0.450000
60540,0.600000
60560,0.350000
60580,0.650000
60600,0.550000
60620,0.500000
60640,0.450000
60660,0.550000
60680,0.550000
60700,0.600000
60720,0.500000
60740,0.450000
60760,0.550000
60780,0.600000
60800,0.450000
60820,0.500000
60840,0.500000
60860,0.700000
60880,0.550000
60900,0.550000
60920,0.650000
60940,0.550000
60960,0.200000
60980,0.450000
61000,0.400000
61020,0.400000
61040,0.600000
61060,0.650000
61080,0.500000
61100,0.550000
61120,0.650000
61140,0.550000
61160,0.350000
61180,0.450000
61200,0.500000
61220,0.600000
61240,0.600000
61260,0.300000
61280,0.700000
61300,0.400000
61320,0.450000
61340,0.350000
61360,0.450000
61380,0.500000
61400,0.500000
61420,0.400000
61440,0.550000
61460,0.200000
61480,0.450000
61500,0.400000
61520,0.450000
61540,0.550000
61560,0.600000
61580,0.650000
61600,0.700000
61620,0.400000
61640,0.500000
61660,0.300000
61680,0.750000
61700,0.400000
61720,0.500000
61740,0.500000
61760,0.550000
61780,0.450000
61800,0.600000
61820,0.500000
61840,0.450000
61860,0.300000
61880,0.450000
61900,0.600000
61920,0.550000
61940,0.600000
61960,0.550000
61980,0.500000
62000,0.500000
62020,0.650000
62040,0.450000
62060,0.600000
62080,0.450000
62100,0.400000
62120,0.450000
62140,0.500000
62160,0.550000
62180,0.350000
62200,0.450000
62220,0.550000
62240,0.800000
62260,0.450000
62280,0.600000
62300,0.500000
62320,0.350000
62340,0.500000
62360,0.300000
62380,0.700000
62400,0.400000
62420,0.600000
62440,0.300000
62460,0.500000
62480,0.300000
62500,0.600000
62520,0.450000
62540,0.550000
62560,0.400000
62580,0.550000
62600,0.450000
62620,0.500000
62640,0.400000
62660,0.550000
62680,0.650000
62700,0.300000
62720,0.450000
62740,0.550000
62760,0.450000
62780,0.450000
62800,0.600000
62820,0.500000
62840,0.650000
62860,0.500000
62880,0.450000
62900,0.500000
62920,0.350000
62940,0.600000
62960,0.450000
62980,0.500000
63000,0.450000
63020,0.300000
63040,0.850000
63060,0.500000
63080,0.550000
63100,0.400000
63120,0.650000
63140,0.450000
63160,0.650000
63180,0.600000
63200,0.500000
63220,0.450000
63240,0.350000
63260,0.450000
63280,0.350000
63300,0.450000
63320,0.500000
63340,0.450000
63360,0.500000
63380,0.300000
63400,0.400000
63420,0.500000
63440,0.650000
63460,0.300000
63480,0.400000
63500,0.450000
63520,0.550000
63540,0.600000
63560,0.650000
63580,0.450000
63600,0.450000
63620,0.450000
63640,0.650000
63660,0.550000
63680,0.500000
63700,0.400000
63720,0.400000
63740,0.700000
63760,0.650000
63780,0.450000
63800,0.700000
63820,0.550000
63840,0.500000
63860,0.350000
63880,0.550000
63900,0.500000
63920,0.700000
63940,0.550000
63960,0.500000
63980,0.500000
64000,0.550000
64020,0.450000
64040,0.500000
64060,0.350000
64080,0.600000
64100,0.550000
64120,0.450000
64140,0.450000
64160,0.500000
64180,0.550000
64200,0.400000
64220,0.400000
64240,0.500000
64260,0.550000
64280,0.450000
64300,0.550000
64320,0.750000
64340,0.350000
64360,0.300000
64380,0.500000
64400,0.650000
64420,0.350000
64440,0.550000
64460,0.600000
64480,0.550000
64500,0.450000
64520,0.650000
64540,0.550000
64560,0.450000
64580,0.350000
64600,0.450000
64620,0.750000
64640,0.500000
64660,0.600000
64680,0.500000
64700,0.500000
64720,0.600000
64740,0.650000
64760,0.700000
64780,0.600000
64800,0.500000
64820,0.600000
64840,0.500000
64860,0.700000
64880,0.750000
64900,0.600000
64920,0.750000
64940,0.400000
64960,0.600000
64980,0.400000
65000,0.500000
65020,0.500000
65040,0.300000
65060,0.250000
65080,0.400000
65100,0.550000
65120,0.450000
65140,0.450000
65160,0.600000
65180,0.500000
65200,0.700000
65220,0.550000
65240,0.500000
65260,0.700000
65280,0.600000
65300,0.550000
65320,0.550000
65340,0.600000
65360,0.550000
65380,0.350000
65400,0.550000
65420,0.450000
65440,0.750000
65460,0.350000
65480,0.500000
65500,0.450000
65520,0.450000
65540,0.500000
65560,0.450000
65580,0.350000
65600,0.500000
65620,0.450000
65640,0.750000
65660,0.600000
65680,0.650000
65700,0.600000
65720,0.400000
65740,0.550000
65760,0.450000
65780,0.600000
65800,0.450000
65820,0.550000
65840,0.500000
65860,0.650000
65880,0.600000
65900,0.450000
65920,0.500000
65940,0.600000
65960,0.550000
65980,0.500000
66000,0.650000
66020,0.400000
66040,0.350000
66060,0.600000
66080,0.600000
66100,0.650000
66120,0.600000
66140,0.550000
66160,0.500000
66180,0.500000
66200,0.700000
66220,0.550000
66240,0.700000
66260,0.700000
66280,0.650000
66300,0.400000
66320,0.500000
66340,0.600000
66360,0.400000
66380,0.600000
66400,0.450000
66420,0.500000
66440,0.600000
66460,0.500000
66480,0.550000
66500,0.500000
66520,0.150000
66540,0.650000
66560,0.650000
66580,0.500000
66600,0.250000
66620,0.350000
66640,0.600000
66660,0.500000
66680,0.600000
66700,0.600000
66720,0.450000
66740,0.450000
66760,0.500000
66780,0.450000
66800,0.750000
66820,0.500000
66840,0.500000
66860,0.450000
66880,0.200000
66900,0.600000
66920,0.550000
66940,0.350000
66960,0.450000
66980,0.550000
67000,0.450000
67020,0.500000
67040,0.500000
67060,0.600000
67080,0.300000
67100,0.500000
67120,0.450000
67140,0.400000
67160,0.550000
67180,0.400000
67200,0.350000
67220,0.600000
67240,0.450000
67260,0.650000
67280,0.500000
67300,0.450000
67320,0.400000
67340,0.550000
67360,0.550000
67380,0.450000
67400,0.800000
67420,0.550000
67440,0.650000
67460,0.700000
67480,0.350000
67500,0.400000
67520,0.600000
67540,0.450000
67560,0.350000
67580,0.600000
67600,0.550000
67620,0.450000
67640,0.550000
67660,0.400000
67680,0.400000
67700,0.600000
67720,0.550000
67740,0.600000
67760,0.650000
67780,0.550000
67800,0.650000
67820,0.550000
67840,0.600000
67860,0.600000
67880,0.500000
67900,0.450000
67920,0.550000
67940,0.500000
67960,0.350000
67980,0.400000
68000,0.300000
68020,0.500000
68040,0.400000
68060,0.450000
68080,0.600000
68100,0.350000
68120,0.550000
68140,0.450000
68160,0.650000
68180,0.450000
68200,0.550000
68220,0.400000
68240,0.600000
68260,0.500000
68280,0.600000
68300,0.450000
68320,0.350000
68340,0.450000
68360,0.500000
68380,0.500000
68400,0.550000
68420,0.450000
68440,0.600000
68460,0.450000
68480,0.550000
68500,0.700000
68520,0.750000
68540,0.400000
68560,0.500000
68580,0.400000
68600,0.400000
68620,0.500000
68640,0.350000
68660,0.400000
68680,0.650000
68700,0.600000
68720,0.550000
68740,0.750000
68760,0.800000
68780,0.600000
68800,0.450000
68820,0.650000
68840,0.350000
68860,0.750000
68880,0.500000
68900,0.400000
68920,0.500000
68940,0.450000
68960,0.400000
68980,0.700000
69000,0.400000
69020,0.650000
69040,0.450000
69060,0.600000
69080,0.600000
69100,0.400000
69120,0.250000
69140,0.350000
69160,0.650000
69180,0.600000
69200,0.350000
69220,0.150000
69240,0.400000
69260,0.450000
69280,0.350000
69300,0.550000
69320,0.650000
69340,0.400000
69360,0.500000
69380,0.350000
69400,0.350000
69420,0.400000
69440,0.500000
69460,0.600000
69480,0.700000
69500,0.500000
69520,0.400000
69540,0.650000
69560,0.350000
69580,0.500000
69600,0.350000
69620,0.650000
69640,0.300000
69660,0.650000
69680,0.550000
69700,0.550000
69720,0.650000
69740,0.500000
69760,0.550000
69780,0.600000
69800,0.550000
69820,0.550000
69840,0.500000
69860,0.500000
69880,0.300000
69900,0.500000
69920,0.550000
69940,0.550000
69960,0.550000
69980,0.550000
70000,0.700000
70020,0.400000
70040,0.500000
70060,0.600000
70080,0.600000
70100,0.350000
70120,0.550000
70140,0.600000
70160,0.400000
70180,0.500000
70200,0.500000
70220,0.350000
70240,0.300000
70260,0.600000
70280,0.500000
70300,0.550000
70320,0.550000
70340,0.400000
70360,0.500000
70380,0.450000
70400,0.550000
70420,0.650000
70440,0.550000
70460,0.350000
70480,0.450000
70500,0.500000
70520,0.600000
70540,0.600000
70560,0.600000
70580,0.550000
70600,0.500000
70620,0.500000
70640,0.600000
70660,0.450000
70680,0.550000
70700,0.550000
70720,0.400000
70740,0.350000
70760,0.400000
70780,0.600000
70800,0.650000
70820,0.600000
70840,0.350000
70860,0.550000
70880,0.650000
70900,0.600000
70920,0.600000
70940,0.600000
70960,0.450000
70980,0.450000
71000,0.600000
71020,0.500000
71040,0.500000
71060,0.700000
71080,0.350000
71100,0.450000
71120,0.750000
71140,0.500000
71160,0.650000
71180,0.500000
71200,0.700000
71220,0.600000
71240,0.450000
71260,0.350000
71280,0.500000
71300,0.650000
71320,0.550000
71340,0.600000
71360,0.450000
71380,0.550000
71400,0.400000
71420,0.650000
71440,0.450000
71460,0.550000
71480,0.550000
71500,0.500000
71520,0.450000
71540,0.350000
71560,0.450000
71580,0.600000
71600,0.750000
71620,0.350000
71640,0.550000
71660,0.450000
71680,0.350000
71700,0.500000
71720,0.450000
71740,0.450000
71760,0.400000
71780,0.550000
71800,0.400000
71820,0.550000
71840,0.500000
71860,0.800000
71880,0.500000
71900,0.300000
71920,0.700000
71940,0.650000
71960,0.500000
71980,0.650000
72000,0.650000
72020,0.400000
72040,0.450000
72060,0.700000
72080,0.550000
72100,0.550000
72120,0.400000
72140,0.600000
72160,0.350000
72180,0.400000
72200,0.500000
72220,0.500000
72240,0.550000
72260,0.550000
72280,0.550000
72300,0.500000
72320,0.600000
72340,0.450000
72360,0.400000
72380,0.350000
72400,0.450000
72420,0.350000
72440,0.550000
72460,0.500000
72480,0.500000
72500,0.500000
72520,0.500000
72540,0.600000
72560,0.600000
72580,0.250000
72600,0.650000
72620,0.600000
72640,0.350000
72660,0.500000
72680,0.450000
72700,0.400000
72720,0.450000
72740,0.650000
72760,0.600000
72780,0.400000
72800,0.400000
72820,0.500000
72840,0.350000
72860,0.500000
72880,0.500000
72900,0.550000
72920,0.600000
72940,0.650000
72960,0.600000
72980,0.350000
73000,0.500000
73020,0.450000
73040,0.500000
73060,0.550000
73080,0.400000
73100,0.350000
73120,0.550000
73140,0.650000
73160,0.400000
73180,0.500000
73200,0.550000
73220,0.450000
73240,0.550000
73260,0.550000
73280,0.650000
73300,0.550000
73320,0.650000
73340,0.450000
73360,0.600000
73380,0.350000
73400,0.450000
73420,0.400000
73440,0.500000
73460,0.650000
73480,0.700000
73500,0.500000
73520,0.650000
73540,0.200000
73560,0.550000
73580,0.450000
73600,0.700000
73620,0.500000
73640,0.400000
73660,0.600000
73680,0.700000
73700,0.300000
73720,0.500000
73740,0.550000
73760,0.450000
73780,0.550000
73800,0.600000
73820,0.550000
73840,0.700000
73860,0.500000
73880,0.650000
73900,0.450000
73920,0.550000
73940,0.500000
73960,0.500000
73980,0.450000
74000,0.350000
74020,0.500000
74040,0.650000
74060,0.600000
74080,0.550000
74100,0.450000
74120,0.350000
74140,0.700000
74160,0.350000
74180,0.500000
74200,0.350000
74220,0.450000
74240,0.600000
74260,0.500000
74280,0.600000
74300,0.550000
74320,0.500000
74340,0.450000
74360,0.600000
74380,0.450000
74400,0.450000
74420,0.500000
74440,0.450000
74460,0.350000
74480,0.600000
74500,0.550000
74520,0.650000
74540,0.300000
74560,0.350000
74580,0.500000
74600,0.300000
74620,0.400000
74640,0.450000
74660,0.250000
74680,0.350000
74700,0.400000
74720,0.400000
74740,0.450000
74760,0.500000
74780,0.550000
74800,0.750000
74820,0.500000
74840,0.450000
74860,0.500000
74880,0.600000
74900,0.350000
74920,0.350000
74940,0.250000
74960,0.750000
74980,0.400000
75000,0.550000
75020,0.400000
75040,0.650000
75060,0.400000
75080,0.500000
75100,0.500000
75120,0.550000
75140,0.500000
75160,0.450000
75180,0.650000
75200,0.350000
75220,0.500000
75240,0.650000
75260,0.600000
75280,0.650000
75300,0.600000
75320,0.500000
75340,0.450000
75360,0.450000
75380,0.500000
75400,0.500000
75420,0.500000
75440,0.550000
75460,0.400000
75480,0.650000
75500,0.600000
75520,0.300000
75540,0.350000
75560,0.450000
75580,0.400000
75600,0.600000
75620,0.600000
75640,0.400000
75660,0.250000
75680,0.550000
75700,0.400000
75720,0.600000
75740,0.450000
75760,0.550000
75780,0.500000
75800,0.550000
75820,0.500000
75840,0.650000
75860,0.450000
75880,0.450000
75900,0.400000
75920,0.400000
75940,0.400000
75960,0.400000
75980,0.400000
76000,0.600000
76020,0.500000
76040,0.600000
76060,0.400000
76080,0.450000
76100,0.450000
76120,0.400000
76140,0.400000
76160,0.450000
76180,0.300000
76200,0.500000
76220,0.350000
76240,0.550000
76260,0.450000
76280,0.450000
76300,0.350000
76320,0.450000
76340,0.500000
76360,0.400000
76380,0.400000
76400,0.500000
76420,0.400000
76440,0.400000
76460,0.650000
76480,0.350000
76500,0.600000
76520,0.500000
76540,0.400000
76560,0.250000
76580,0.550000
76600,0.500000
76620,0.500000
76640,0.550000
76660,0.450000
76680,0.500000
76700,0.600000
76720,0.400000
76740,0.400000
76760,0.600000
76780,0.650000
76800,0.600000
76820,0.600000
76840,0.400000
76860,0.400000
76880,0.400000
76900,0.650000
76920,0.550000
76940,0.650000
76960,0.500000
76980,0.400000
77000,0.400000
77020,0.600000
77040,0.400000
77060,0.250000
77080,0.650000
77100,0.400000
77120,0.650000
77140,0.350000
77160,0.500000
77180,0.650000
77200,0.600000
77220,0.400000
77240,0.650000
77260,0.500000
77280,0.300000
77300,0.350000
77320,0.550000
77340,0.600000
77360,0.550000
77380,0.550000
77400,0.600000
77420,0.450000
77440,0.300000
77460,0.300000
77480,0.500000
77500,0.450000
77520,0.400000
77540,0.450000
77560,0.700000
77580,0.400000
77600,0.450000
77620,0.550000
77640,0.350000
77660,0.550000
77680,0.550000
77700,0.550000
77720,0.450000
77740,0.550000
77760,0.400000
77780,0.400000
77800,0.450000
77820,0.550000
77840,0.500000
77860,0.700000
77880,0.350000
77900,0.750000
77920,0.300000
77940,0.450000
77960,0.650000
77980,0.500000
78000,0.450000
78020,0.700000
78040,0.650000
78060,0.550000
78080,0.450000
78100,0.350000
78120,0.600000
78140,0.700000
78160,0.650000
78180,0.400000
78200,0.800000
78220,0.450000
78240,0.350000
78260,0.700000
78280,0.600000
78300,0.400000
78320,0.400000
78340,0.400000
78360,0.400000
78380,0.650000
78400,0.650000
78420,0.550000
78440,0.500000
78460,0.600000
78480,0.400000
78500,0.400000
78520,0.650000
78540,0.650000
78560,0.500000
78580,0.550000
78600,0.500000
78620,0.550000
78640,0.350000
78660,0.550000
78680,0.600000
78700,0.600000
78720,0.500000
78740,0.750000
78760,0.450000
78780,0.600000
78800,0.350000
78820,0.600000
78840,0.550000
78860,0.400000
78880,0.450000
78900,0.750000
78920,0.350000
78940,0.400000
78960,0.350000
78980,0.350000
79000,0.550000
79020,0.750000
79040,0.450000
79060,0.400000
79080,0.300000
79100,0.500000
79120,0.500000
79140,0.600000
79160,0.400000
79180,0.550000
79200,0.500000
79220,0.650000
79240,0.400000
79260,0.300000
79280,0.650000
79300,0.600000
79320,0.700000
79340,0.300000
79360,0.500000
79380,0.550000
79400,0.450000
79420,0.500000
79440,0.550000
79460,0.350000
79480,0.400000
79500,0.500000
79520,0.400000
79540,0.350000
79560,0.550000
79580,0.500000
79600,0.550000
79620,0.550000
79640,0.600000
79660,0.500000
79680,0.700000
79700,0.450000
79720,0.600000
79740,0.500000
79760,0.350000
79780,0.550000
79800,0.550000
79820,0.750000
79840,0.350000
79860,0.550000
79880,0.550000
79900,0.450000
79920,0.650000
79940,0.500000
79960,0.450000
79980,0.450000
80000,0.500000
80020,0.600000
80040,0.500000
80060,0.600000
80080,0.750000
80100,0.600000
80120,0.300000
80140,0.450000
80160,0.300000
80180,0.450000
80200,0.600000
80220,0.450000
80240,0.350000
80260,0.300000
80280,0.400000
80300,0.500000
80320,0.550000
80340,0.750000
80360,0.400000
80380,0.650000
80400,0.500000
80420,0.550000
80440,0.600000
80460,0.500000
80480,0.550000
80500,0.650000
80520,0.450000
80540,0.600000
80560,0.400000
80580,0.450000
80600,0.500000
80620,0.600000
80640,0.650000
80660,0.500000
80680,0.500000
80700,0.450000
80720,0.500000
80740,0.450000
80760,0.600000
80780,0.550000
80800,0.450000
80820,0.750000
80840,0.600000
80860,0.700000
80880,0.500000
80900,0.350000
80920,0.700000
80940,0.450000
80960,0.450000
80980,0.550000
81000,0.400000
81020,0.450000
81040,0.450000
81060,0.600000
81080,0.600000
81100,0.350000
81120,0.700000
81140,0.600000
81160,0.500000
81180,0.500000
81200,0.550000
81220,0.500000
81240,0.500000
81260,0.450000
81280,0.700000
81300,0.450000
81320,0.650000
81340,0.450000
81360,0.450000
81380,0.600000
81400,0.600000
81420,0.400000
81440,0.400000
81460,0.300000
81480,0.550000
81500,0.650000
81520,0.750000
81540,0.300000
81560,0.600000
81580,0.400000
81600,0.800000
81620,0.450000
81640,0.550000
81660,0.500000
81680,0.450000
81700,0.350000
81720,0.500000
81740,0.500000
81760,0.450000
81780,0.400000
81800,0.450000
81820,0.550000
81840,0.700000
81860,0.450000
81880,0.500000
81900,0.450000
81920,0.550000
81940,0.500000
81960,0.500000
81980,0.600000
82000,0.500000
82020,0.600000
82040,0.450000
82060,0.250000
82080,0.350000
82100,0.600000
82120,0.500000
82140,0.500000
82160,0.600000
82180,0.500000
82200,0.550000
82220,0.650000
82240,0.450000
82260,0.550000
82280,0.450000
82300,0.500000
82320,0.750000
82340,0.300000
82360,0.500000
82380,0.350000
82400,0.600000
82420,0.550000
82440,0.450000
82460,0.400000
82480,0.550000
82500,0.650000
82520,0.650000
82540,0.800000
82560,0.500000
82580,0.450000
82600,0.500000
82620,0.350000
82640,0.650000
82660,0.550000
82680,0.450000
82700,0.350000
82720,0.550000
82740,0.500000
82760,0.750000
82780,0.500000
82800,0.450000
82820,0.450000
82840,0.700000
82860,0.450000
82880,0.500000
82900,0.600000
82920,0.350000
82940,0.500000
82960,0.350000
82980,0.500000
83000,0.350000
83020,0.800000
83040,0.300000
83060,0.450000
83080,0.400000
83100,0.500000
83120,0.550000
83140,0.550000
83160,0.550000
83180,0.350000
83200,0.500000
83220,0.500000
83240,0.500000
83260,0.500000
83280,0.550000
83300,0.700000
83320,0.400000
83340,0.400000
83360,0.650000
83380,0.300000
83400,0.550000
83420,0.600000
83440,0.550000
83460,0.500000
83480,0.500000
83500,0.400000
83520,0.450000
83540,0.500000
83560,0.500000
83580,0.500000
83600,0.400000
83620,0.500000
83640,0.500000
83660,0.400000
83680,0.650000
83700,0.550000
83720,0.650000
83740,0.300000
83760,0.400000
83780,0.400000
83800,0.550000
83820,0.450000
83840,0.450000
83860,0.500000
83880,0.350000
83900,0.500000
83920,0.550000
83940,0.350000
83960,0.700000
83980,0.550000
84000,0.500000
84020,0.600000
84040,0.500000
84060,0.550000
84080,0.300000
84100,0.700000
84120,0.500000
84140,0.350000
84160,0.550000
84180,0.500000
84200,0.500000
84220,0.650000
84240,0.650000
84260,0.650000
84280,0.600000
84300,0.400000
84320,0.600000
84340,0.700000
84360,0.500000
84380,0.800000
84400,0.500000
84420,0.500000
84440,0.600000
84460,0.500000
84480,0.450000
84500,0.650000
84520,0.450000
84540,0.550000
84560,0.400000
84580,0.550000
84600,0.450000
84620,0.550000
84640,0.400000
84660,0.450000
84680,0.550000
84700,0.450000
84720,0.550000
84740,0.550000
84760,0.500000
84780,0.400000
84800,0.550000
84820,0.500000
84840,0.250000
84860,0.550000
84880,0.550000
84900,0.450000
84920,0.650000
84940,0.550000
84960,0.600000
84980,0.500000
85000,0.400000
85020,0.550000
85040,0.500000
85060,0.600000
85080,0.600000
85100,0.600000
85120,0.500000
85140,0.700000
85160,0.500000
85180,0.450000
85200,0.600000
85220,0.350000
85240,0.400000
85260,0.600000
85280,0.600000
85300,0.650000
85320,0.500000
85340,0.550000
85360,0.500000
85380,0.600000
85400,0.750000
85420,0.300000
85440,0.500000
85460,0.550000
85480,0.550000
85500,0.450000
85520,0.550000
85540,0.500000
85560,0.300000
85580,0.450000
85600,0.550000
85620,0.500000
85640,0.650000
85660,0.450000
85680,0.650000
85700,0.500000
85720,0.650000
85740,0.500000
85760,0.500000
85780,0.550000
85800,0.400000
85820,0.550000
85840,0.550000
85860,0.550000
85880,0.400000
85900,0.650000
85920,0.400000
85940,0.750000
85960,0.600000
85980,0.450000
86000,0.600000
86020,0.500000
86040,0.650000
86060,0.550000
86080,0.600000
86100,0.350000
86120,0.600000
86140,0.550000
86160,0.700000
86180,0.550000
86200,0.650000
86220,0.500000
86240,0.500000
86260,0.700000
86280,0.650000
86300,0.500000
86320,0.500000
86340,0.350000
86360,0.550000
86380,0.550000
86400,0.350000
86420,0.600000
86440,0.300000
86460,0.350000
86480,0.400000
86500,0.600000
86520,0.500000
86540,0.750000
86560,0.200000
86580,0.500000
86600,0.450000
86620,0.650000
86640,0.300000
86660,0.400000
86680,0.500000
86700,0.500000
86720,0.300000
86740,0.800000
86760,0.550000
86780,0.500000
86800,0.500000
86820,0.800000
86840,0.550000
86860,0.550000
86880,0.400000
86900,0.550000
86920,0.550000
86940,0.500000
86960,0.400000
86980,0.500000
87000,0.450000
87020,0.400000
87040,0.500000
87060,0.550000
87080,0.450000
87100,0.500000
87120,0.350000
87140,0.400000
87160,0.500000
87180,0.600000
87200,0.500000
87220,0.550000
87240,0.600000
87260,0.700000
87280,0.450000
87300,0.400000
87320,0.350000
87340,0.500000
87360,0.350000
87380,0.350000
87400,0.550000
87420,0.450000
87440,0.550000
87460,0.550000
87480,0.400000
87500,0.550000
87520,0.500000
87540,0.400000
87560,0.500000
87580,0.450000
87600,0.650000
87620,0.450000
87640,0.550000
87660,0.600000
87680,0.500000
87700,0.500000
87720,0.550000
87740,0.600000
87760,0.700000
87780,0.600000
87800,0.450000
87820,0.250000
87840,0.450000
87860,0.350000
87880,0.450000
87900,0.350000
87920,0.500000
87940,0.450000
87960,0.350000
87980,0.450000
88000,0.500000
88020,0.450000
88040,0.500000
88060,0.450000
88080,0.450000
88100,0.650000
88120,0.300000
88140,0.750000
88160,0.550000
88180,0.600000
88200,0.400000
88220,0.350000
88240,0.500000
88260,0.400000
88280,0.600000
88300,0.650000
88320,0.700000
88340,0.550000
88360,0.550000
88380,0.550000
88400,0.400000
88420,0.350000
88440,0.500000
88460,0.550000
88480,0.350000
88500,0.350000
88520,0.650000
88540,0.450000
88560,0.400000
88580,0.550000
88600,0.350000
88620,0.450000
88640,0.550000
88660,0.450000
88680,0.600000
88700,0.650000
88720,0.650000
88740,0.550000
88760,0.650000
88780,0.500000
88800,0.450000
88820,0.600000
88840,0.500000
88860,0.650000
88880,0.600000
88900,0.500000
88920,0.650000
88940,0.350000
88960,0.350000
88980,0.450000
89000,0.350000
89020,0.350000
89040,0.500000
89060,0.400000
89080,0.550000
89100,0.500000
89120,0.600000
89140,0.500000
89160,0.450000
89180,0.500000
89200,0.450000
89220,0.600000
89240,0.450000
89260,0.450000
89280,0.650000
89300,0.350000
89320,0.500000
89340,0.450000
89360,0.450000
89380,0.450000
89400,0.450000
89420,0.500000
89440,0.500000
89460,0.500000
89480,0.300000
89500,0.350000
89520,0.350000
89540,0.300000
89560,0.550000
89580,0.500000
89600,0.650000
89620,0.650000
89640,0.650000
89660,0.300000
89680,0.500000
89700,0.550000
89720,0.700000
89740,0.450000
89760,0.450000
89780,0.550000
89800,0.450000
89820,0.400000
89840,0.650000
89860,0.550000
89880,0.550000
89900,0.550000
89920,0.450000
89940,0.500000
89960,0.400000
89980,0.400000
90000,0.500000
90020,0.550000
90040,0.650000
90060,0.450000
90080,0.250000
90100,0.650000
90120,0.650000
90140,0.500000
90160,0.400000
90180,0.500000
90200,0.700000
90220,0.650000
90240,0.500000
90260,0.350000
90280,0.500000
90300,0.550000
90320,0.600000
90340,0.550000
90360,0.500000
90380,0.400000
90400,0.600000
90420,0.350000
90440,0.650000
90460,0.550000
90480,0.500000
90500,0.550000
90520,0.700000
90540,0.400000
90560,0.650000
90580,0.450000
90600,0.400000
90620,0.600000
90640,0.600000
90660,0.650000
90680,0.350000
90700,0.550000
90720,0.400000
90740,0.600000
90760,0.450000
90780,0.700000
90800,0.500000
90820,0.250000
90840,0.650000
90860,0.550000
90880,0.600000
90900,0.550000
90920,0.650000
90940,0.450000
90960,0.400000
90980,0.650000
91000,0.400000
91020,0.650000
91040,0.600000
91060,0.500000
91080,0.550000
91100,0.400000
91120,0.300000
91140,0.650000
91160,0.550000
91180,0.700000
91200,0.650000
91220,0.600000
91240,0.500000
91260,0.500000
91280,0.450000
91300,0.350000
91320,0.350000
91340,0.450000
91360,0.500000
91380,0.250000
91400,0.550000
91420,0.450000
91440,0.300000
91460,0.450000
91480,0.550000
91500,0.600000
91520,0.450000
91540,0.450000
91560,0.450000
91580,0.500000
91600,0.450000
91620,0.700000
91640,0.600000
91660,0.400000
91680,0.300000
91700,0.450000
91720,0.500000
91740,0.450000
91760,0.700000
91780,0.700000
91800,0.450000
91820,0.650000
91840,0.550000
91860,0.500000
91880,0.500000
91900,0.600000
91920,0.600000
91940,0.700000
91960,0.550000
91980,0.500000
92000,0.550000
92020,0.550000
92040,0.600000
92060,0.500000
92080,0.550000
92100,0.500000
92120,0.550000
92140,0.500000
92160,0.650000
92180,0.350000
92200,0.650000
92220,0.500000
92240,0.550000
92260,0.250000
92280,0.450000
92300,0.400000
92320,0.450000
92340,0.400000
92360,0.700000
92380,0.650000
92400,0.500000
92420,0.500000
92440,0.550000
92460,0.700000
92480,0.350000
92500,0.500000
92520,0.450000
92540,0.650000
92560,0.600000
92580,0.450000
92600,0.650000
92620,0.500000
92640,0.700000
92660,0.450000
92680,0.450000
92700,0.650000
92720,0.400000
92740,0.650000
92760,0.400000
92780,0.600000
92800,0.500000
92820,0.600000
92840,0.550000
92860,0.450000
92880,0.600000
92900,0.600000
92920,0.450000
92940,0.600000
92960,0.550000
92980,0.500000
93000,0.600000
93020,0.350000
93040,0.500000
93060,0.450000
93080,0.450000
93100,0.450000
93120,0.450000
93140,0.550000
93160,0.600000
93180,0.500000
93200,0.600000
93220,0.600000
93240,0.550000
93260,0.400000
93280,0.450000
93300,0.500000
93320,0.650000
93340,0.550000
93360,0.600000
93380,0.300000
93400,0.650000
93420,0.400000
93440,0.600000
93460,0.700000
93480,0.500000
93500,0.450000
93520,0.450000
93540,0.400000
93560,0.350000
93580,0.650000
93600,0.600000
93620,0.550000
93640,0.650000
93660,0.450000
93680,0.300000
93700,0.450000
93720,0.450000
93740,0.550000
93760,0.650000
93780,0.450000
93800,0.350000
93820,0.550000
93840,0.450000
93860,0.600000
93880,0.600000
93900,0.500000
93920,0.700000
93940,0.600000
93960,0.500000
93980,0.550000
94000,0.400000
94020,0.550000
94040,0.550000
94060,0.600000
94080,0.750000
94100,0.500000
94120,0.550000
94140,0.500000
94160,0.500000
94180,0.650000
94200,0.550000
94220,0.500000
94240,0.600000
94260,0.700000
94280,0.650000
94300,0.500000
94320,0.550000
94340,0.500000
94360,0.450000
94380,0.350000
94400,0.550000
94420,0.500000
94440,0.750000
94460,0.500000
94480,0.800000
94500,0.550000
94520,0.550000
94540,0.400000
94560,0.600000
94580,0.600000
94600,0.750000
94620,0.600000
94640,0.750000
94660,0.550000
94680,0.300000
94700,0.550000
94720,0.550000
94740,0.350000
94760,0.450000
94780,0.450000
94800,0.450000
94820,0.450000
94840,0.400000
94860,0.350000
94880,0.300000
94900,0.400000
94920,0.450000
94940,0.500000
94960,0.600000
94980,0.450000
95000,0.700000
95020,0.200000
95040,0.550000
95060,0.400000
95080,0.400000
95100,0.350000
95120,0.600000
95140,0.600000
95160,0.400000
95180,0.500000
95200,0.500000
95220,0.450000
95240,0.500000
95260,0.600000
95280,0.550000
95300,0.300000
95320,0.600000
95340,0.500000
95360,0.400000
95380,0.400000
95400,0.700000
95420,0.600000
95440,0.600000
95460,0.350000
95480,0.500000
95500,0.500000
95520,0.450000
95540,0.400000
95560,0.650000
95580,0.500000
95600,0.500000
95620,0.650000
95640,0.350000
95660,0.500000
95680,0.600000
95700,0.400000
95720,0.450000
95740,0.250000
95760,0.250000
95780,0.550000
95800,0.400000
95820,0.350000
95840,0.450000
95860,0.400000
95880,0.550000
95900,0.550000
95920,0.300000
95940,0.300000
95960,0.650000
95980,0.450000
96000,0.500000
96020,0.450000
96040,0.450000
96060,0.500000
96080,0.400000
96100,0.350000
96120,0.400000
96140,0.500000
96160,0.450000
96180,0.550000
96200,0.250000
96220,0.600000
96240,0.350000
96260,0.650000
96280,0.650000
96300,0.350000
96320,0.450000
96340,0.400000
96360,0.500000
96380,0.550000
96400,0.600000
96420,0.550000
96440,0.450000
96460,0.400000
96480,0.450000
96500,0.400000
96520,0.450000
96540,0.450000
96560,0.550000
96580,0.400000
96600,0.550000
96620,0.450000
96640,0.550000
96660,0.450000
96680,0.500000
96700,0.600000
96720,0.600000
96740,0.500000
96760,0.400000
96780,0.250000
96800,0.350000
96820,0.500000
96840,0.500000
96860,0.500000
96880,0.400000
96900,0.350000
96920,0.550000
96940,0.450000
96960,0.400000
96980,0.650000
97000,0.450000
97020,0.650000
97040,0.700000
97060,0.600000
97080,0.550000
97100,0.450000
97120,0.550000
97140,0.600000
97160,0.600000
97180,0.650000
97200,0.400000
97220,0.500000
97240,0.600000
97260,0.700000
97280,0.650000
97300,0.600000
97320,0.500000
97340,0.550000
97360,0.500000
97380,0.350000
97400,0.400000
97420,0.350000
97440,0.400000
97460,0.450000
97480,0.200000
97500,0.450000
97520,0.450000
97540,0.550000
97560,0.550000
97580,0.400000
97600,0.450000
97620,0.700000
97640,0.350000
97660,0.400000
97680,0.500000
97700,0.550000
97720,0.550000
97740,0.600000
97760,0.450000
97780,0.450000
97800,0.650000
97820,0.700000
97840,0.550000
97860,0.850000
97880,0.400000
97900,0.550000
97920,0.500000
97940,0.600000
97960,0.400000
97980,0.350000
98000,0.350000
98020,0.500000
98040,0.550000
98060,0.600000
98080,0.700000
98100,0.600000
98120,0.550000
98140,0.600000
98160,0.450000
98180,0.550000
98200,0.350000
98220,0.450000
98240,0.450000
98260,0.700000
98280,0.650000
98300,0.450000
98320,0.600000
98340,0.600000
98360,0.550000
98380,0.550000
98400,0.650000
98420,0.400000
98440,0.500000
98460,0.500000
98480,0.500000
98500,0.500000
98520,0.600000
98540,0.700000
98560,0.600000
98580,0.450000
98600,0.450000
98620,0.600000
98640,0.500000
98660,0.500000
98680,0.500000
98700,0.450000
98720,0.700000
98740,0.500000
98760,0.300000
98780,0.500000
98800,0.700000
98820,0.400000
98840,0.550000
98860,0.500000
98880,0.700000
98900,0.400000
98920,0.350000
98940,0.600000
98960,0.600000
98980,0.400000
99000,0.400000
99020,0.550000
99040,0.550000
99060,0.500000
99080,0.450000
99100,0.550000
99120,0.450000
99140,0.500000
99160,0.400000
99180,0.550000
99200,0.450000
99220,0.300000
99240,0.450000
99260,0.700000
99280,0.500000
99300,0.400000
99320,0.550000
99340,0.550000
99360,0.450000
99380,0.500000
99400,0.450000
99420,0.750000
99440,0.350000
99460,0.550000
99480,0.600000
99500,0.500000
99520,0.400000
99540,0.550000
99560,0.500000
99580,0.800000
99600,0.400000
99620,0.400000
99640,0.700000
99660,0.500000
99680,0.600000
99700,0.750000
99720,0.500000
99740,0.400000
99760,0.500000
99780,0.500000
99800,0.550000
99820,0.550000
99840,0.550000
99860,0.300000
99880,0.650000
99900,0.550000
99920,0.550000
99940,0.600000
99960,0.500000
99980,0.650000
100000,0.350000
